[
  {
    "id": "W001",
    "name": "Rani Devi",
    "region": "Nagaland",
    "specialties": ["Cotton Sarees", "Banarasi Saree"],
    "experience_years": 11,
    "saree_types": ["Khadi", "Chiffon"],
    "patterns_available": ["Bandhani", "Geometric"],
    "gallery_images": [
      "https://picsum.photos/seed/0-0/300/200",
      "https://picsum.photos/seed/0-1/300/200",
      "https://picsum.photos/seed/0-2/300/200"
    ],
    "languages": ["English", "Telugu"],
    "bio": "Rani Devi is a skilled weaver from Nagaland with expertise in Cotton Sarees, Banarasi Saree.",
    "profile_image": "https://picsum.photos/seed/profile-0/300/200",
    "contact_enabled": false
  },
  {
    "id": "W002",
    "name": "Radha Chauhan",
    "region": "Assam",
    "specialties": ["Kanjivaram Saree", "Banarasi Saree"],
    "experience_years": 27,
    "saree_types": ["Cotton", "Khadi"],
    "patterns_available": ["Paisley", "Temple Borders"],
    "gallery_images": [
      "https://picsum.photos/seed/1-0/300/200",
      "https://picsum.photos/seed/1-1/300/200",
      "https://picsum.photos/seed/1-2/300/200"
    ],
    "languages": ["Tamil", "English"],
    "bio": "Radha Chauhan is a skilled weaver from Assam with expertise in Kanjivaram Saree, Banarasi Saree.",
    "profile_image": "https://picsum.photos/seed/profile-1/300/200",
    "contact_enabled": true
  },
  {
    "id": "W003",
    "name": "Lalita Patel",
    "region": "Kanchipuram, Tamil Nadu",
    "specialties": ["Kanjivaram Saree", "Banarasi Saree"],
    "experience_years": 13,
    "saree_types": ["Khadi", "Cotton"],
    "patterns_available": ["Geometric", "Paisley"],
    "gallery_images": [
      "https://picsum.photos/seed/2-0/300/200",
      "https://picsum.photos/seed/2-1/300/200",
      "https://picsum.photos/seed/2-2/300/200"
    ],
    "languages": ["Tamil", "English"],
    "bio": "Lalita Patel is a skilled weaver from Kanchipuram, Tamil Nadu with expertise in Kanjivaram Saree, Banarasi Saree.",
    "profile_image": "https://picsum.photos/seed/profile-2/300/200",
    "contact_enabled": false
  },
  {
    "id": "W004",
    "name": "Usha Rani",
    "region": "Madhya Pradesh",
    "specialties": ["Kanjivaram Saree", "Bandhani"],
    "experience_years": 6,
    "saree_types": ["Cotton", "Khadi"],
    "patterns_available": ["Paisley", "Geometric"],
    "gallery_images": [
      "https://picsum.photos/seed/3-0/300/200",
      "https://picsum.photos/seed/3-1/300/200",
      "https://picsum.photos/seed/3-2/300/200"
    ],
    "languages": ["Tamil", "English"],
    "bio": "Usha Rani is a skilled weaver from Madhya Pradesh with expertise in Kanjivaram Saree, Bandhani.",
    "profile_image": "https://picsum.photos/seed/profile-3/300/200",
    "contact_enabled": false
  },
  {
    "id": "W005",
    "name": "Sunita Kumari",
    "region": "Nagaland",
    "specialties": ["Zari Work", "Kanjivaram Saree"],
    "experience_years": 5,
    "saree_types": ["Linen", "Khadi"],
    "patterns_available": ["Temple Borders", "Ikat"],
    "gallery_images": [
      "https://picsum.photos/seed/4-0/300/200",
      "https://picsum.photos/seed/4-1/300/200",
      "https://picsum.photos/seed/4-2/300/200"
    ],
    "languages": ["Hindi", "Bengali"],
    "bio": "Sunita Kumari is a skilled weaver from Nagaland with expertise in Zari Work, Kanjivaram Saree.",
    "profile_image": "https://picsum.photos/seed/profile-4/300/200",
    "contact_enabled": true
  },
  {
    "id": "W006",
    "name": "Meena Sharma",
    "region": "Kanchipuram, Tamil Nadu",
    "specialties": ["Banarasi Saree", "Zari Work"],
    "experience_years": 13,
    "saree_types": ["Linen", "Khadi"],
    "patterns_available": ["Temple Borders", "Ikat"],
    "gallery_images": [
      "https://picsum.photos/seed/5-0/300/200",
      "https://picsum.photos/seed/5-1/300/200",
      "https://picsum.photos/seed/5-2/300/200"
    ],
    "languages": ["Bengali", "English"],
    "bio": "Meena Sharma is a skilled weaver from Kanchipuram, Tamil Nadu with expertise in Banarasi Saree, Zari Work.",
    "profile_image": "https://picsum.photos/seed/profile-5/300/200",
    "contact_enabled": false
  },
  {
    "id": "W007",
    "name": "Savita Joshi",
    "region": "Assam",
    "specialties": ["Bandhani", "Kanjivaram Saree"],
    "experience_years": 23,
    "saree_types": ["Silk", "Khadi"],
    "patterns_available": ["Geometric", "Floral"],
    "gallery_images": [
      "https://picsum.photos/seed/6-0/300/200",
      "https://picsum.photos/seed/6-1/300/200",
      "https://picsum.photos/seed/6-2/300/200"
    ],
    "languages": ["Tamil", "Telugu"],
    "bio": "Savita Joshi is a skilled weaver from Assam with expertise in Bandhani, Kanjivaram Saree.",
    "profile_image": "https://picsum.photos/seed/profile-6/300/200",
    "contact_enabled": false
  },
  {
    "id": "W008",
    "name": "Poonam Yadav",
    "region": "Madhya Pradesh",
    "specialties": ["Bandhani", "Silk Weaving"],
    "experience_years": 18,
    "saree_types": ["Chiffon", "Silk"],
    "patterns_available": ["Bandhani", "Temple Borders"],
    "gallery_images": [
      "https://picsum.photos/seed/7-0/300/200",
      "https://picsum.photos/seed/7-1/300/200",
      "https://picsum.photos/seed/7-2/300/200"
    ],
    "languages": ["Hindi", "English"],
    "bio": "Poonam Yadav is a skilled weaver from Madhya Pradesh with expertise in Bandhani, Silk Weaving.",
    "profile_image": "https://picsum.photos/seed/profile-7/300/200",
    "contact_enabled": false
  },
  {
    "id": "W009",
    "name": "Usha Rani",
    "region": "Madhya Pradesh",
    "specialties": ["Bandhani", "Cotton Sarees"],
    "experience_years": 22,
    "saree_types": ["Khadi", "Cotton"],
    "patterns_available": ["Temple Borders", "Ikat"],
    "gallery_images": [
      "https://picsum.photos/seed/8-0/300/200",
      "https://picsum.photos/seed/8-1/300/200",
      "https://picsum.photos/seed/8-2/300/200"
    ],
    "languages": ["Hindi", "Bengali"],
    "bio": "Usha Rani is a skilled weaver from Madhya Pradesh with expertise in Bandhani, Cotton Sarees.",
    "profile_image": "https://picsum.photos/seed/profile-8/300/200",
    "contact_enabled": false
  },
  {
    "id": "W010",
    "name": "Meena Sharma",
    "region": "Kanchipuram, Tamil Nadu",
    "specialties": ["Block Print", "Zari Work"],
    "experience_years": 8,
    "saree_types": ["Linen", "Cotton"],
    "patterns_available": ["Floral", "Paisley"],
    "gallery_images": [
      "https://picsum.photos/seed/9-0/300/200",
      "https://picsum.photos/seed/9-1/300/200",
      "https://picsum.photos/seed/9-2/300/200"
    ],
    "languages": ["Hindi", "Telugu"],
    "bio": "Meena Sharma is a skilled weaver from Kanchipuram, Tamil Nadu with expertise in Block Print, Zari Work.",
    "profile_image": "https://picsum.photos/seed/profile-9/300/200",
    "contact_enabled": true
  },
  {
    "id": "W011",
    "name": "Meena Sharma",
    "region": "Nagaland",
    "specialties": ["Zari Work", "Ikat"],
    "experience_years": 22,
    "saree_types": ["Linen", "Silk"],
    "patterns_available": ["Bandhani", "Paisley"],
    "gallery_images": [
      "https://picsum.photos/seed/10-0/300/200",
      "https://picsum.photos/seed/10-1/300/200",
      "https://picsum.photos/seed/10-2/300/200"
    ],
    "languages": ["Telugu", "Tamil"],
    "bio": "Meena Sharma is a skilled weaver from Nagaland with expertise in Zari Work, Ikat.",
    "profile_image": "https://picsum.photos/seed/profile-10/300/200",
    "contact_enabled": true
  },
  {
    "id": "W012",
    "name": "Sunita Kumari",
    "region": "Surat, Gujarat",
    "specialties": ["Banarasi Saree", "Cotton Sarees"],
    "experience_years": 29,
    "saree_types": ["Chiffon", "Cotton"],
    "patterns_available": ["Temple Borders", "Paisley"],
    "gallery_images": [
      "https://picsum.photos/seed/11-0/300/200",
      "https://picsum.photos/seed/11-1/300/200",
      "https://picsum.photos/seed/11-2/300/200"
    ],
    "languages": ["Tamil", "Bengali"],
    "bio": "Sunita Kumari is a skilled weaver from Surat, Gujarat with expertise in Banarasi Saree, Cotton Sarees.",
    "profile_image": "https://picsum.photos/seed/profile-11/300/200",
    "contact_enabled": false
  },
  {
    "id": "W013",
    "name": "Rani Devi",
    "region": "Rajasthan",
    "specialties": ["Ikat", "Silk Weaving"],
    "experience_years": 12,
    "saree_types": ["Silk", "Khadi"],
    "patterns_available": ["Ikat", "Temple Borders"],
    "gallery_images": [
      "https://picsum.photos/seed/12-0/300/200",
      "https://picsum.photos/seed/12-1/300/200",
      "https://picsum.photos/seed/12-2/300/200"
    ],
    "languages": ["Hindi", "Tamil"],
    "bio": "Rani Devi is a skilled weaver from Rajasthan with expertise in Ikat, Silk Weaving.",
    "profile_image": "https://picsum.photos/seed/profile-12/300/200",
    "contact_enabled": false
  },
  {
    "id": "W014",
    "name": "Kamla Bai",
    "region": "Bihar",
    "specialties": ["Block Print", "Cotton Sarees"],
    "experience_years": 3,
    "saree_types": ["Khadi", "Cotton"],
    "patterns_available": ["Floral", "Ikat"],
    "gallery_images": [
      "https://picsum.photos/seed/13-0/300/200",
      "https://picsum.photos/seed/13-1/300/200",
      "https://picsum.photos/seed/13-2/300/200"
    ],
    "languages": ["Telugu", "English"],
    "bio": "Kamla Bai is a skilled weaver from Bihar with expertise in Block Print, Cotton Sarees.",
    "profile_image": "https://picsum.photos/seed/profile-13/300/200",
    "contact_enabled": true
  },
  {
    "id": "W015",
    "name": "Geeta Devi",
    "region": "Nagaland",
    "specialties": ["Block Print", "Silk Weaving"],
    "experience_years": 28,
    "saree_types": ["Chiffon", "Linen"],
    "patterns_available": ["Geometric", "Temple Borders"],
    "gallery_images": [
      "https://picsum.photos/seed/14-0/300/200",
      "https://picsum.photos/seed/14-1/300/200",
      "https://picsum.photos/seed/14-2/300/200"
    ],
    "languages": ["English", "Telugu"],
    "bio": "Geeta Devi is a skilled weaver from Nagaland with expertise in Block Print, Silk Weaving.",
    "profile_image": "https://picsum.photos/seed/profile-14/300/200",
    "contact_enabled": false
  },
  {
    "id": "W016",
    "name": "Meena Sharma",
    "region": "Kanchipuram, Tamil Nadu",
    "specialties": ["Zari Work", "Bandhani"],
    "experience_years": 7,
    "saree_types": ["Cotton", "Linen"],
    "patterns_available": ["Geometric", "Temple Borders"],
    "gallery_images": [
      "https://picsum.photos/seed/15-0/300/200",
      "https://picsum.photos/seed/15-1/300/200",
      "https://picsum.photos/seed/15-2/300/200"
    ],
    "languages": ["English", "Tamil"],
    "bio": "Meena Sharma is a skilled weaver from Kanchipuram, Tamil Nadu with expertise in Zari Work, Bandhani.",
    "profile_image": "https://picsum.photos/seed/profile-15/300/200",
    "contact_enabled": true
  },
  {
    "id": "W017",
    "name": "Geeta Devi",
    "region": "Kanchipuram, Tamil Nadu",
    "specialties": ["Ikat", "Block Print"],
    "experience_years": 29,
    "saree_types": ["Linen", "Cotton"],
    "patterns_available": ["Ikat", "Geometric"],
    "gallery_images": [
      "https://picsum.photos/seed/16-0/300/200",
      "https://picsum.photos/seed/16-1/300/200",
      "https://picsum.photos/seed/16-2/300/200"
    ],
    "languages": ["Telugu", "Tamil"],
    "bio": "Geeta Devi is a skilled weaver from Kanchipuram, Tamil Nadu with expertise in Ikat, Block Print.",
    "profile_image": "https://picsum.photos/seed/profile-16/300/200",
    "contact_enabled": true
  },
  {
    "id": "W018",
    "name": "Usha Rani",
    "region": "Varanasi, Uttar Pradesh",
    "specialties": ["Bandhani", "Block Print"],
    "experience_years": 2,
    "saree_types": ["Chiffon", "Cotton"],
    "patterns_available": ["Paisley", "Floral"],
    "gallery_images": [
      "https://picsum.photos/seed/17-0/300/200",
      "https://picsum.photos/seed/17-1/300/200",
      "https://picsum.photos/seed/17-2/300/200"
    ],
    "languages": ["Bengali", "English"],
    "bio": "Usha Rani is a skilled weaver from Varanasi, Uttar Pradesh with expertise in Bandhani, Block Print.",
    "profile_image": "https://picsum.photos/seed/profile-17/300/200",
    "contact_enabled": true
  },
  {
    "id": "W019",
    "name": "Savita Joshi",
    "region": "Odisha",
    "specialties": ["Block Print", "Bandhani"],
    "experience_years": 16,
    "saree_types": ["Linen", "Silk"],
    "patterns_available": ["Bandhani", "Temple Borders"],
    "gallery_images": [
      "https://picsum.photos/seed/18-0/300/200",
      "https://picsum.photos/seed/18-1/300/200",
      "https://picsum.photos/seed/18-2/300/200"
    ],
    "languages": ["Bengali", "Telugu"],
    "bio": "Savita Joshi is a skilled weaver from Odisha with expertise in Block Print, Bandhani.",
    "profile_image": "https://picsum.photos/seed/profile-18/300/200",
    "contact_enabled": true
  },
  {
    "id": "W020",
    "name": "Lalita Patel",
    "region": "Kolkata, West Bengal",
    "specialties": ["Cotton Sarees", "Kanjivaram Saree"],
    "experience_years": 23,
    "saree_types": ["Khadi", "Silk"],
    "patterns_available": ["Temple Borders", "Geometric"],
    "gallery_images": [
      "https://picsum.photos/seed/19-0/300/200",
      "https://picsum.photos/seed/19-1/300/200",
      "https://picsum.photos/seed/19-2/300/200"
    ],
    "languages": ["English", "Telugu"],
    "bio": "Lalita Patel is a skilled weaver from Kolkata, West Bengal with expertise in Cotton Sarees, Kanjivaram Saree.",
    "profile_image": "https://picsum.photos/seed/profile-19/300/200",
    "contact_enabled": false
  },
  {
    "id": "W021",
    "name": "Rani Devi",
    "region": "Surat, Gujarat",
    "specialties": ["Block Print", "Kanjivaram Saree"],
    "experience_years": 24,
    "saree_types": ["Cotton", "Linen"],
    "patterns_available": ["Ikat", "Floral"],
    "gallery_images": [
      "https://picsum.photos/seed/20-0/300/200",
      "https://picsum.photos/seed/20-1/300/200",
      "https://picsum.photos/seed/20-2/300/200"
    ],
    "languages": ["Bengali", "English"],
    "bio": "Rani Devi is a skilled weaver from Surat, Gujarat with expertise in Block Print, Kanjivaram Saree.",
    "profile_image": "https://picsum.photos/seed/profile-20/300/200",
    "contact_enabled": true
  },
  {
    "id": "W022",
    "name": "Usha Rani",
    "region": "Varanasi, Uttar Pradesh",
    "specialties": ["Silk Weaving", "Ikat"],
    "experience_years": 18,
    "saree_types": ["Silk", "Chiffon"],
    "patterns_available": ["Floral", "Ikat"],
    "gallery_images": [
      "https://picsum.photos/seed/21-0/300/200",
      "https://picsum.photos/seed/21-1/300/200",
      "https://picsum.photos/seed/21-2/300/200"
    ],
    "languages": ["Hindi", "English"],
    "bio": "Usha Rani is a skilled weaver from Varanasi, Uttar Pradesh with expertise in Silk Weaving, Ikat.",
    "profile_image": "https://picsum.photos/seed/profile-21/300/200",
    "contact_enabled": false
  },
  {
    "id": "W023",
    "name": "Kamla Bai",
    "region": "Assam",
    "specialties": ["Bandhani", "Zari Work"],
    "experience_years": 13,
    "saree_types": ["Khadi", "Silk"],
    "patterns_available": ["Paisley", "Geometric"],
    "gallery_images": [
      "https://picsum.photos/seed/22-0/300/200",
      "https://picsum.photos/seed/22-1/300/200",
      "https://picsum.photos/seed/22-2/300/200"
    ],
    "languages": ["Tamil", "Telugu"],
    "bio": "Kamla Bai is a skilled weaver from Assam with expertise in Bandhani, Zari Work.",
    "profile_image": "https://picsum.photos/seed/profile-22/300/200",
    "contact_enabled": false
  },
  {
    "id": "W024",
    "name": "Rani Devi",
    "region": "Odisha",
    "specialties": ["Kanjivaram Saree", "Banarasi Saree"],
    "experience_years": 28,
    "saree_types": ["Chiffon", "Cotton"],
    "patterns_available": ["Temple Borders", "Bandhani"],
    "gallery_images": [
      "https://picsum.photos/seed/23-0/300/200",
      "https://picsum.photos/seed/23-1/300/200",
      "https://picsum.photos/seed/23-2/300/200"
    ],
    "languages": ["Telugu", "Tamil"],
    "bio": "Rani Devi is a skilled weaver from Odisha with expertise in Kanjivaram Saree, Banarasi Saree.",
    "profile_image": "https://picsum.photos/seed/profile-23/300/200",
    "contact_enabled": false
  },
  {
    "id": "W025",
    "name": "Rani Devi",
    "region": "Varanasi, Uttar Pradesh",
    "specialties": ["Kanjivaram Saree", "Cotton Sarees"],
    "experience_years": 26,
    "saree_types": ["Silk", "Linen"],
    "patterns_available": ["Ikat", "Temple Borders"],
    "gallery_images": [
      "https://picsum.photos/seed/24-0/300/200",
      "https://picsum.photos/seed/24-1/300/200",
      "https://picsum.photos/seed/24-2/300/200"
    ],
    "languages": ["Telugu", "English"],
    "bio": "Rani Devi is a skilled weaver from Varanasi, Uttar Pradesh with expertise in Kanjivaram Saree, Cotton Sarees.",
    "profile_image": "https://picsum.photos/seed/profile-24/300/200",
    "contact_enabled": true
  },
  {
    "id": "W026",
    "name": "Sunita Kumari",
    "region": "Assam",
    "specialties": ["Zari Work", "Bandhani"],
    "experience_years": 30,
    "saree_types": ["Silk", "Linen"],
    "patterns_available": ["Ikat", "Temple Borders"],
    "gallery_images": [
      "https://picsum.photos/seed/25-0/300/200",
      "https://picsum.photos/seed/25-1/300/200",
      "https://picsum.photos/seed/25-2/300/200"
    ],
    "languages": ["Telugu", "Bengali"],
    "bio": "Sunita Kumari is a skilled weaver from Assam with expertise in Zari Work, Bandhani.",
    "profile_image": "https://picsum.photos/seed/profile-25/300/200",
    "contact_enabled": true
  },
  {
    "id": "W027",
    "name": "Rani Devi",
    "region": "Kolkata, West Bengal",
    "specialties": ["Bandhani", "Block Print"],
    "experience_years": 22,
    "saree_types": ["Linen", "Silk"],
    "patterns_available": ["Bandhani", "Temple Borders"],
    "gallery_images": [
      "https://picsum.photos/seed/26-0/300/200",
      "https://picsum.photos/seed/26-1/300/200",
      "https://picsum.photos/seed/26-2/300/200"
    ],
    "languages": ["Telugu", "Tamil"],
    "bio": "Rani Devi is a skilled weaver from Kolkata, West Bengal with expertise in Bandhani, Block Print.",
    "profile_image": "https://picsum.photos/seed/profile-26/300/200",
    "contact_enabled": true
  },
  {
    "id": "W028",
    "name": "Usha Rani",
    "region": "Surat, Gujarat",
    "specialties": ["Bandhani", "Kanjivaram Saree"],
    "experience_years": 20,
    "saree_types": ["Cotton", "Khadi"],
    "patterns_available": ["Temple Borders", "Ikat"],
    "gallery_images": [
      "https://picsum.photos/seed/27-0/300/200",
      "https://picsum.photos/seed/27-1/300/200",
      "https://picsum.photos/seed/27-2/300/200"
    ],
    "languages": ["Hindi", "Tamil"],
    "bio": "Usha Rani is a skilled weaver from Surat, Gujarat with expertise in Bandhani, Kanjivaram Saree.",
    "profile_image": "https://picsum.photos/seed/profile-27/300/200",
    "contact_enabled": true
  },
  {
    "id": "W029",
    "name": "Meena Sharma",
    "region": "Assam",
    "specialties": ["Cotton Sarees", "Silk Weaving"],
    "experience_years": 19,
    "saree_types": ["Silk", "Chiffon"],
    "patterns_available": ["Ikat", "Floral"],
    "gallery_images": [
      "https://picsum.photos/seed/28-0/300/200",
      "https://picsum.photos/seed/28-1/300/200",
      "https://picsum.photos/seed/28-2/300/200"
    ],
    "languages": ["Tamil", "English"],
    "bio": "Meena Sharma is a skilled weaver from Assam with expertise in Cotton Sarees, Silk Weaving.",
    "profile_image": "https://picsum.photos/seed/profile-28/300/200",
    "contact_enabled": false
  },
  {
    "id": "W030",
    "name": "Meena Sharma",
    "region": "Bihar",
    "specialties": ["Zari Work", "Kanjivaram Saree"],
    "experience_years": 30,
    "saree_types": ["Khadi", "Cotton"],
    "patterns_available": ["Geometric", "Bandhani"],
    "gallery_images": [
      "https://picsum.photos/seed/29-0/300/200",
      "https://picsum.photos/seed/29-1/300/200",
      "https://picsum.photos/seed/29-2/300/200"
    ],
    "languages": ["Telugu", "English"],
    "bio": "Meena Sharma is a skilled weaver from Bihar with expertise in Zari Work, Kanjivaram Saree.",
    "profile_image": "https://picsum.photos/seed/profile-29/300/200",
    "contact_enabled": false
  },
  {
    "id": "W031",
    "name": "Meena Sharma",
    "region": "Odisha",
    "specialties": ["Ikat", "Silk Weaving"],
    "experience_years": 4,
    "saree_types": ["Chiffon", "Linen"],
    "patterns_available": ["Floral", "Geometric"],
    "gallery_images": [
      "https://picsum.photos/seed/30-0/300/200",
      "https://picsum.photos/seed/30-1/300/200",
      "https://picsum.photos/seed/30-2/300/200"
    ],
    "languages": ["Tamil", "Hindi"],
    "bio": "Meena Sharma is a skilled weaver from Odisha with expertise in Ikat, Silk Weaving.",
    "profile_image": "https://picsum.photos/seed/profile-30/300/200",
    "contact_enabled": false
  },
  {
    "id": "W032",
    "name": "Kamla Bai",
    "region": "Surat, Gujarat",
    "specialties": ["Cotton Sarees", "Banarasi Saree"],
    "experience_years": 12,
    "saree_types": ["Cotton", "Linen"],
    "patterns_available": ["Floral", "Temple Borders"],
    "gallery_images": [
      "https://picsum.photos/seed/31-0/300/200",
      "https://picsum.photos/seed/31-1/300/200",
      "https://picsum.photos/seed/31-2/300/200"
    ],
    "languages": ["Hindi", "Telugu"],
    "bio": "Kamla Bai is a skilled weaver from Surat, Gujarat with expertise in Cotton Sarees, Banarasi Saree.",
    "profile_image": "https://picsum.photos/seed/profile-31/300/200",
    "contact_enabled": false
  },
  {
    "id": "W033",
    "name": "Geeta Devi",
    "region": "Bihar",
    "specialties": ["Cotton Sarees", "Bandhani"],
    "experience_years": 19,
    "saree_types": ["Cotton", "Silk"],
    "patterns_available": ["Geometric", "Ikat"],
    "gallery_images": [
      "https://picsum.photos/seed/32-0/300/200",
      "https://picsum.photos/seed/32-1/300/200",
      "https://picsum.photos/seed/32-2/300/200"
    ],
    "languages": ["Bengali", "Hindi"],
    "bio": "Geeta Devi is a skilled weaver from Bihar with expertise in Cotton Sarees, Bandhani.",
    "profile_image": "https://picsum.photos/seed/profile-32/300/200",
    "contact_enabled": true
  },
  {
    "id": "W034",
    "name": "Lalita Patel",
    "region": "Varanasi, Uttar Pradesh",
    "specialties": ["Cotton Sarees", "Block Print"],
    "experience_years": 30,
    "saree_types": ["Khadi", "Silk"],
    "patterns_available": ["Bandhani", "Floral"],
    "gallery_images": [
      "https://picsum.photos/seed/33-0/300/200",
      "https://picsum.photos/seed/33-1/300/200",
      "https://picsum.photos/seed/33-2/300/200"
    ],
    "languages": ["Hindi", "Tamil"],
    "bio": "Lalita Patel is a skilled weaver from Varanasi, Uttar Pradesh with expertise in Cotton Sarees, Block Print.",
    "profile_image": "https://picsum.photos/seed/profile-33/300/200",
    "contact_enabled": true
  },
  {
    "id": "W035",
    "name": "Savita Joshi",
    "region": "Rajasthan",
    "specialties": ["Banarasi Saree", "Bandhani"],
    "experience_years": 10,
    "saree_types": ["Cotton", "Linen"],
    "patterns_available": ["Paisley", "Ikat"],
    "gallery_images": [
      "https://picsum.photos/seed/34-0/300/200",
      "https://picsum.photos/seed/34-1/300/200",
      "https://picsum.photos/seed/34-2/300/200"
    ],
    "languages": ["English", "Telugu"],
    "bio": "Savita Joshi is a skilled weaver from Rajasthan with expertise in Banarasi Saree, Bandhani.",
    "profile_image": "https://picsum.photos/seed/profile-34/300/200",
    "contact_enabled": false
  },
  {
    "id": "W036",
    "name": "Savita Joshi",
    "region": "Rajasthan",
    "specialties": ["Silk Weaving", "Cotton Sarees"],
    "experience_years": 3,
    "saree_types": ["Linen", "Chiffon"],
    "patterns_available": ["Geometric", "Temple Borders"],
    "gallery_images": [
      "https://picsum.photos/seed/35-0/300/200",
      "https://picsum.photos/seed/35-1/300/200",
      "https://picsum.photos/seed/35-2/300/200"
    ],
    "languages": ["Hindi", "Tamil"],
    "bio": "Savita Joshi is a skilled weaver from Rajasthan with expertise in Silk Weaving, Cotton Sarees.",
    "profile_image": "https://picsum.photos/seed/profile-35/300/200",
    "contact_enabled": true
  },
  {
    "id": "W037",
    "name": "Meena Sharma",
    "region": "Kolkata, West Bengal",
    "specialties": ["Banarasi Saree", "Ikat"],
    "experience_years": 12,
    "saree_types": ["Chiffon", "Silk"],
    "patterns_available": ["Floral", "Ikat"],
    "gallery_images": [
      "https://picsum.photos/seed/36-0/300/200",
      "https://picsum.photos/seed/36-1/300/200",
      "https://picsum.photos/seed/36-2/300/200"
    ],
    "languages": ["Tamil", "Bengali"],
    "bio": "Meena Sharma is a skilled weaver from Kolkata, West Bengal with expertise in Banarasi Saree, Ikat.",
    "profile_image": "https://picsum.photos/seed/profile-36/300/200",
    "contact_enabled": true
  },
  {
    "id": "W038",
    "name": "Kamla Bai",
    "region": "Varanasi, Uttar Pradesh",
    "specialties": ["Kanjivaram Saree", "Zari Work"],
    "experience_years": 16,
    "saree_types": ["Silk", "Linen"],
    "patterns_available": ["Paisley", "Geometric"],
    "gallery_images": [
      "https://picsum.photos/seed/37-0/300/200",
      "https://picsum.photos/seed/37-1/300/200",
      "https://picsum.photos/seed/37-2/300/200"
    ],
    "languages": ["English", "Bengali"],
    "bio": "Kamla Bai is a skilled weaver from Varanasi, Uttar Pradesh with expertise in Kanjivaram Saree, Zari Work.",
    "profile_image": "https://picsum.photos/seed/profile-37/300/200",
    "contact_enabled": true
  },
  {
    "id": "W039",
    "name": "Meena Sharma",
    "region": "Kanchipuram, Tamil Nadu",
    "specialties": ["Block Print", "Silk Weaving"],
    "experience_years": 19,
    "saree_types": ["Chiffon", "Cotton"],
    "patterns_available": ["Bandhani", "Temple Borders"],
    "gallery_images": [
      "https://picsum.photos/seed/38-0/300/200",
      "https://picsum.photos/seed/38-1/300/200",
      "https://picsum.photos/seed/38-2/300/200"
    ],
    "languages": ["English", "Hindi"],
    "bio": "Meena Sharma is a skilled weaver from Kanchipuram, Tamil Nadu with expertise in Block Print, Silk Weaving.",
    "profile_image": "https://picsum.photos/seed/profile-38/300/200",
    "contact_enabled": true
  },
  {
    "id": "W040",
    "name": "Poonam Yadav",
    "region": "Surat, Gujarat",
    "specialties": ["Block Print", "Cotton Sarees"],
    "experience_years": 19,
    "saree_types": ["Cotton", "Linen"],
    "patterns_available": ["Ikat", "Temple Borders"],
    "gallery_images": [
      "https://picsum.photos/seed/39-0/300/200",
      "https://picsum.photos/seed/39-1/300/200",
      "https://picsum.photos/seed/39-2/300/200"
    ],
    "languages": ["Hindi", "Bengali"],
    "bio": "Poonam Yadav is a skilled weaver from Surat, Gujarat with expertise in Block Print, Cotton Sarees.",
    "profile_image": "https://picsum.photos/seed/profile-39/300/200",
    "contact_enabled": false
  },
  {
    "id": "W041",
    "name": "Meena Sharma",
    "region": "Kanchipuram, Tamil Nadu",
    "specialties": ["Ikat", "Kanjivaram Saree"],
    "experience_years": 6,
    "saree_types": ["Khadi", "Cotton"],
    "patterns_available": ["Floral", "Bandhani"],
    "gallery_images": [
      "https://picsum.photos/seed/40-0/300/200",
      "https://picsum.photos/seed/40-1/300/200",
      "https://picsum.photos/seed/40-2/300/200"
    ],
    "languages": ["Hindi", "English"],
    "bio": "Meena Sharma is a skilled weaver from Kanchipuram, Tamil Nadu with expertise in Ikat, Kanjivaram Saree.",
    "profile_image": "https://picsum.photos/seed/profile-40/300/200",
    "contact_enabled": false
  },
  {
    "id": "W042",
    "name": "Poonam Yadav",
    "region": "Rajasthan",
    "specialties": ["Kanjivaram Saree", "Cotton Sarees"],
    "experience_years": 6,
    "saree_types": ["Chiffon", "Cotton"],
    "patterns_available": ["Temple Borders", "Floral"],
    "gallery_images": [
      "https://picsum.photos/seed/41-0/300/200",
      "https://picsum.photos/seed/41-1/300/200",
      "https://picsum.photos/seed/41-2/300/200"
    ],
    "languages": ["Tamil", "Hindi"],
    "bio": "Poonam Yadav is a skilled weaver from Rajasthan with expertise in Kanjivaram Saree, Cotton Sarees.",
    "profile_image": "https://picsum.photos/seed/profile-41/300/200",
    "contact_enabled": true
  },
  {
    "id": "W043",
    "name": "Poonam Yadav",
    "region": "Nagaland",
    "specialties": ["Zari Work", "Block Print"],
    "experience_years": 5,
    "saree_types": ["Silk", "Cotton"],
    "patterns_available": ["Bandhani", "Floral"],
    "gallery_images": [
      "https://picsum.photos/seed/42-0/300/200",
      "https://picsum.photos/seed/42-1/300/200",
      "https://picsum.photos/seed/42-2/300/200"
    ],
    "languages": ["English", "Telugu"],
    "bio": "Poonam Yadav is a skilled weaver from Nagaland with expertise in Zari Work, Block Print.",
    "profile_image": "https://picsum.photos/seed/profile-42/300/200",
    "contact_enabled": false
  },
  {
    "id": "W044",
    "name": "Rani Devi",
    "region": "Assam",
    "specialties": ["Silk Weaving", "Ikat"],
    "experience_years": 29,
    "saree_types": ["Cotton", "Chiffon"],
    "patterns_available": ["Paisley", "Floral"],
    "gallery_images": [
      "https://picsum.photos/seed/43-0/300/200",
      "https://picsum.photos/seed/43-1/300/200",
      "https://picsum.photos/seed/43-2/300/200"
    ],
    "languages": ["Tamil", "English"],
    "bio": "Rani Devi is a skilled weaver from Assam with expertise in Silk Weaving, Ikat.",
    "profile_image": "https://picsum.photos/seed/profile-43/300/200",
    "contact_enabled": true
  },
  {
    "id": "W045",
    "name": "Usha Rani",
    "region": "Kanchipuram, Tamil Nadu",
    "specialties": ["Bandhani", "Zari Work"],
    "experience_years": 5,
    "saree_types": ["Silk", "Cotton"],
    "patterns_available": ["Bandhani", "Floral"],
    "gallery_images": [
      "https://picsum.photos/seed/44-0/300/200",
      "https://picsum.photos/seed/44-1/300/200",
      "https://picsum.photos/seed/44-2/300/200"
    ],
    "languages": ["Bengali", "Telugu"],
    "bio": "Usha Rani is a skilled weaver from Kanchipuram, Tamil Nadu with expertise in Bandhani, Zari Work.",
    "profile_image": "https://picsum.photos/seed/profile-44/300/200",
    "contact_enabled": true
  },
  {
    "id": "W046",
    "name": "Rani Devi",
    "region": "Kanchipuram, Tamil Nadu",
    "specialties": ["Cotton Sarees", "Bandhani"],
    "experience_years": 5,
    "saree_types": ["Silk", "Khadi"],
    "patterns_available": ["Geometric", "Floral"],
    "gallery_images": [
      "https://picsum.photos/seed/45-0/300/200",
      "https://picsum.photos/seed/45-1/300/200",
      "https://picsum.photos/seed/45-2/300/200"
    ],
    "languages": ["Telugu", "Hindi"],
    "bio": "Rani Devi is a skilled weaver from Kanchipuram, Tamil Nadu with expertise in Cotton Sarees, Bandhani.",
    "profile_image": "https://picsum.photos/seed/profile-45/300/200",
    "contact_enabled": false
  },
  {
    "id": "W047",
    "name": "Geeta Devi",
    "region": "Madhya Pradesh",
    "specialties": ["Ikat", "Kanjivaram Saree"],
    "experience_years": 18,
    "saree_types": ["Khadi", "Silk"],
    "patterns_available": ["Floral", "Paisley"],
    "gallery_images": [
      "https://picsum.photos/seed/46-0/300/200",
      "https://picsum.photos/seed/46-1/300/200",
      "https://picsum.photos/seed/46-2/300/200"
    ],
    "languages": ["Hindi", "Tamil"],
    "bio": "Geeta Devi is a skilled weaver from Madhya Pradesh with expertise in Ikat, Kanjivaram Saree.",
    "profile_image": "https://picsum.photos/seed/profile-46/300/200",
    "contact_enabled": true
  },
  {
    "id": "W048",
    "name": "Usha Rani",
    "region": "Rajasthan",
    "specialties": ["Ikat", "Kanjivaram Saree"],
    "experience_years": 30,
    "saree_types": ["Silk", "Linen"],
    "patterns_available": ["Geometric", "Temple Borders"],
    "gallery_images": [
      "https://picsum.photos/seed/47-0/300/200",
      "https://picsum.photos/seed/47-1/300/200",
      "https://picsum.photos/seed/47-2/300/200"
    ],
    "languages": ["Telugu", "English"],
    "bio": "Usha Rani is a skilled weaver from Rajasthan with expertise in Ikat, Kanjivaram Saree.",
    "profile_image": "https://picsum.photos/seed/profile-47/300/200",
    "contact_enabled": false
  },
  {
    "id": "W049",
    "name": "Meena Sharma",
    "region": "Varanasi, Uttar Pradesh",
    "specialties": ["Cotton Sarees", "Kanjivaram Saree"],
    "experience_years": 28,
    "saree_types": ["Chiffon", "Silk"],
    "patterns_available": ["Bandhani", "Floral"],
    "gallery_images": [
      "https://picsum.photos/seed/48-0/300/200",
      "https://picsum.photos/seed/48-1/300/200",
      "https://picsum.photos/seed/48-2/300/200"
    ],
    "languages": ["English", "Hindi"],
    "bio": "Meena Sharma is a skilled weaver from Varanasi, Uttar Pradesh with expertise in Cotton Sarees, Kanjivaram Saree.",
    "profile_image": "https://picsum.photos/seed/profile-48/300/200",
    "contact_enabled": false
  },
  {
    "id": "W050",
    "name": "Sunita Kumari",
    "region": "Varanasi, Uttar Pradesh",
    "specialties": ["Ikat", "Kanjivaram Saree"],
    "experience_years": 17,
    "saree_types": ["Cotton", "Silk"],
    "patterns_available": ["Bandhani", "Ikat"],
    "gallery_images": [
      "https://picsum.photos/seed/49-0/300/200",
      "https://picsum.photos/seed/49-1/300/200",
      "https://picsum.photos/seed/49-2/300/200"
    ],
    "languages": ["English", "Tamil"],
    "bio": "Sunita Kumari is a skilled weaver from Varanasi, Uttar Pradesh with expertise in Ikat, Kanjivaram Saree.",
    "profile_image": "https://picsum.photos/seed/profile-49/300/200",
    "contact_enabled": false
  },
  {
    "id": "W051",
    "name": "Geeta Devi",
    "region": "Kolkata, West Bengal",
    "specialties": ["Silk Weaving", "Ikat"],
    "experience_years": 20,
    "saree_types": ["Chiffon", "Linen"],
    "patterns_available": ["Ikat", "Temple Borders"],
    "gallery_images": [
      "https://picsum.photos/seed/50-0/300/200",
      "https://picsum.photos/seed/50-1/300/200",
      "https://picsum.photos/seed/50-2/300/200"
    ],
    "languages": ["Hindi", "Bengali"],
    "bio": "Geeta Devi is a skilled weaver from Kolkata, West Bengal with expertise in Silk Weaving, Ikat.",
    "profile_image": "https://picsum.photos/seed/profile-50/300/200",
    "contact_enabled": true
  },
  {
    "id": "W052",
    "name": "Poonam Yadav",
    "region": "Kolkata, West Bengal",
    "specialties": ["Banarasi Saree", "Bandhani"],
    "experience_years": 27,
    "saree_types": ["Khadi", "Chiffon"],
    "patterns_available": ["Temple Borders", "Paisley"],
    "gallery_images": [
      "https://picsum.photos/seed/51-0/300/200",
      "https://picsum.photos/seed/51-1/300/200",
      "https://picsum.photos/seed/51-2/300/200"
    ],
    "languages": ["Telugu", "Hindi"],
    "bio": "Poonam Yadav is a skilled weaver from Kolkata, West Bengal with expertise in Banarasi Saree, Bandhani.",
    "profile_image": "https://picsum.photos/seed/profile-51/300/200",
    "contact_enabled": true
  },
  {
    "id": "W053",
    "name": "Kamla Bai",
    "region": "Kolkata, West Bengal",
    "specialties": ["Kanjivaram Saree", "Bandhani"],
    "experience_years": 7,
    "saree_types": ["Linen", "Chiffon"],
    "patterns_available": ["Geometric", "Floral"],
    "gallery_images": [
      "https://picsum.photos/seed/52-0/300/200",
      "https://picsum.photos/seed/52-1/300/200",
      "https://picsum.photos/seed/52-2/300/200"
    ],
    "languages": ["Bengali", "Telugu"],
    "bio": "Kamla Bai is a skilled weaver from Kolkata, West Bengal with expertise in Kanjivaram Saree, Bandhani.",
    "profile_image": "https://picsum.photos/seed/profile-52/300/200",
    "contact_enabled": false
  },
  {
    "id": "W054",
    "name": "Geeta Devi",
    "region": "Assam",
    "specialties": ["Cotton Sarees", "Block Print"],
    "experience_years": 28,
    "saree_types": ["Khadi", "Cotton"],
    "patterns_available": ["Floral", "Temple Borders"],
    "gallery_images": [
      "https://picsum.photos/seed/53-0/300/200",
      "https://picsum.photos/seed/53-1/300/200",
      "https://picsum.photos/seed/53-2/300/200"
    ],
    "languages": ["Telugu", "English"],
    "bio": "Geeta Devi is a skilled weaver from Assam with expertise in Cotton Sarees, Block Print.",
    "profile_image": "https://picsum.photos/seed/profile-53/300/200",
    "contact_enabled": true
  },
  {
    "id": "W055",
    "name": "Rani Devi",
    "region": "Rajasthan",
    "specialties": ["Silk Weaving", "Bandhani"],
    "experience_years": 16,
    "saree_types": ["Silk", "Khadi"],
    "patterns_available": ["Temple Borders", "Floral"],
    "gallery_images": [
      "https://picsum.photos/seed/54-0/300/200",
      "https://picsum.photos/seed/54-1/300/200",
      "https://picsum.photos/seed/54-2/300/200"
    ],
    "languages": ["Bengali", "Hindi"],
    "bio": "Rani Devi is a skilled weaver from Rajasthan with expertise in Silk Weaving, Bandhani.",
    "profile_image": "https://picsum.photos/seed/profile-54/300/200",
    "contact_enabled": true
  },
  {
    "id": "W056",
    "name": "Sunita Kumari",
    "region": "Kolkata, West Bengal",
    "specialties": ["Bandhani", "Silk Weaving"],
    "experience_years": 13,
    "saree_types": ["Chiffon", "Cotton"],
    "patterns_available": ["Bandhani", "Geometric"],
    "gallery_images": [
      "https://picsum.photos/seed/55-0/300/200",
      "https://picsum.photos/seed/55-1/300/200",
      "https://picsum.photos/seed/55-2/300/200"
    ],
    "languages": ["Telugu", "Tamil"],
    "bio": "Sunita Kumari is a skilled weaver from Kolkata, West Bengal with expertise in Bandhani, Silk Weaving.",
    "profile_image": "https://picsum.photos/seed/profile-55/300/200",
    "contact_enabled": false
  },
  {
    "id": "W057",
    "name": "Lalita Patel",
    "region": "Nagaland",
    "specialties": ["Ikat", "Cotton Sarees"],
    "experience_years": 9,
    "saree_types": ["Khadi", "Cotton"],
    "patterns_available": ["Paisley", "Geometric"],
    "gallery_images": [
      "https://picsum.photos/seed/56-0/300/200",
      "https://picsum.photos/seed/56-1/300/200",
      "https://picsum.photos/seed/56-2/300/200"
    ],
    "languages": ["English", "Telugu"],
    "bio": "Lalita Patel is a skilled weaver from Nagaland with expertise in Ikat, Cotton Sarees.",
    "profile_image": "https://picsum.photos/seed/profile-56/300/200",
    "contact_enabled": true
  },
  {
    "id": "W058",
    "name": "Geeta Devi",
    "region": "Assam",
    "specialties": ["Silk Weaving", "Kanjivaram Saree"],
    "experience_years": 21,
    "saree_types": ["Cotton", "Chiffon"],
    "patterns_available": ["Geometric", "Ikat"],
    "gallery_images": [
      "https://picsum.photos/seed/57-0/300/200",
      "https://picsum.photos/seed/57-1/300/200",
      "https://picsum.photos/seed/57-2/300/200"
    ],
    "languages": ["Bengali", "Tamil"],
    "bio": "Geeta Devi is a skilled weaver from Assam with expertise in Silk Weaving, Kanjivaram Saree.",
    "profile_image": "https://picsum.photos/seed/profile-57/300/200",
    "contact_enabled": true
  },
  {
    "id": "W059",
    "name": "Radha Chauhan",
    "region": "Kolkata, West Bengal",
    "specialties": ["Ikat", "Bandhani"],
    "experience_years": 6,
    "saree_types": ["Khadi", "Chiffon"],
    "patterns_available": ["Temple Borders", "Bandhani"],
    "gallery_images": [
      "https://picsum.photos/seed/58-0/300/200",
      "https://picsum.photos/seed/58-1/300/200",
      "https://picsum.photos/seed/58-2/300/200"
    ],
    "languages": ["Hindi", "Telugu"],
    "bio": "Radha Chauhan is a skilled weaver from Kolkata, West Bengal with expertise in Ikat, Bandhani.",
    "profile_image": "https://picsum.photos/seed/profile-58/300/200",
    "contact_enabled": true
  },
  {
    "id": "W060",
    "name": "Meena Sharma",
    "region": "Kanchipuram, Tamil Nadu",
    "specialties": ["Kanjivaram Saree", "Bandhani"],
    "experience_years": 20,
    "saree_types": ["Silk", "Chiffon"],
    "patterns_available": ["Floral", "Paisley"],
    "gallery_images": [
      "https://picsum.photos/seed/59-0/300/200",
      "https://picsum.photos/seed/59-1/300/200",
      "https://picsum.photos/seed/59-2/300/200"
    ],
    "languages": ["Telugu", "Tamil"],
    "bio": "Meena Sharma is a skilled weaver from Kanchipuram, Tamil Nadu with expertise in Kanjivaram Saree, Bandhani.",
    "profile_image": "https://picsum.photos/seed/profile-59/300/200",
    "contact_enabled": true
  },
  {
    "id": "W061",
    "name": "Usha Rani",
    "region": "Varanasi, Uttar Pradesh",
    "specialties": ["Ikat", "Kanjivaram Saree"],
    "experience_years": 7,
    "saree_types": ["Khadi", "Chiffon"],
    "patterns_available": ["Temple Borders", "Paisley"],
    "gallery_images": [
      "https://picsum.photos/seed/60-0/300/200",
      "https://picsum.photos/seed/60-1/300/200",
      "https://picsum.photos/seed/60-2/300/200"
    ],
    "languages": ["Telugu", "Bengali"],
    "bio": "Usha Rani is a skilled weaver from Varanasi, Uttar Pradesh with expertise in Ikat, Kanjivaram Saree.",
    "profile_image": "https://picsum.photos/seed/profile-60/300/200",
    "contact_enabled": true
  },
  {
    "id": "W062",
    "name": "Kamla Bai",
    "region": "Varanasi, Uttar Pradesh",
    "specialties": ["Ikat", "Silk Weaving"],
    "experience_years": 23,
    "saree_types": ["Chiffon", "Linen"],
    "patterns_available": ["Geometric", "Floral"],
    "gallery_images": [
      "https://picsum.photos/seed/61-0/300/200",
      "https://picsum.photos/seed/61-1/300/200",
      "https://picsum.photos/seed/61-2/300/200"
    ],
    "languages": ["English", "Tamil"],
    "bio": "Kamla Bai is a skilled weaver from Varanasi, Uttar Pradesh with expertise in Ikat, Silk Weaving.",
    "profile_image": "https://picsum.photos/seed/profile-61/300/200",
    "contact_enabled": true
  },
  {
    "id": "W063",
    "name": "Sunita Kumari",
    "region": "Madhya Pradesh",
    "specialties": ["Silk Weaving", "Cotton Sarees"],
    "experience_years": 3,
    "saree_types": ["Linen", "Chiffon"],
    "patterns_available": ["Temple Borders", "Paisley"],
    "gallery_images": [
      "https://picsum.photos/seed/62-0/300/200",
      "https://picsum.photos/seed/62-1/300/200",
      "https://picsum.photos/seed/62-2/300/200"
    ],
    "languages": ["Hindi", "Tamil"],
    "bio": "Sunita Kumari is a skilled weaver from Madhya Pradesh with expertise in Silk Weaving, Cotton Sarees.",
    "profile_image": "https://picsum.photos/seed/profile-62/300/200",
    "contact_enabled": false
  },
  {
    "id": "W064",
    "name": "Meena Sharma",
    "region": "Madhya Pradesh",
    "specialties": ["Ikat", "Zari Work"],
    "experience_years": 30,
    "saree_types": ["Cotton", "Linen"],
    "patterns_available": ["Floral", "Bandhani"],
    "gallery_images": [
      "https://picsum.photos/seed/63-0/300/200",
      "https://picsum.photos/seed/63-1/300/200",
      "https://picsum.photos/seed/63-2/300/200"
    ],
    "languages": ["Hindi", "Bengali"],
    "bio": "Meena Sharma is a skilled weaver from Madhya Pradesh with expertise in Ikat, Zari Work.",
    "profile_image": "https://picsum.photos/seed/profile-63/300/200",
    "contact_enabled": true
  },
  {
    "id": "W065",
    "name": "Lalita Patel",
    "region": "Nagaland",
    "specialties": ["Ikat", "Cotton Sarees"],
    "experience_years": 20,
    "saree_types": ["Cotton", "Silk"],
    "patterns_available": ["Floral", "Temple Borders"],
    "gallery_images": [
      "https://picsum.photos/seed/64-0/300/200",
      "https://picsum.photos/seed/64-1/300/200",
      "https://picsum.photos/seed/64-2/300/200"
    ],
    "languages": ["Bengali", "English"],
    "bio": "Lalita Patel is a skilled weaver from Nagaland with expertise in Ikat, Cotton Sarees.",
    "profile_image": "https://picsum.photos/seed/profile-64/300/200",
    "contact_enabled": true
  },
  {
    "id": "W066",
    "name": "Lalita Patel",
    "region": "Varanasi, Uttar Pradesh",
    "specialties": ["Silk Weaving", "Cotton Sarees"],
    "experience_years": 15,
    "saree_types": ["Cotton", "Chiffon"],
    "patterns_available": ["Ikat", "Paisley"],
    "gallery_images": [
      "https://picsum.photos/seed/65-0/300/200",
      "https://picsum.photos/seed/65-1/300/200",
      "https://picsum.photos/seed/65-2/300/200"
    ],
    "languages": ["Tamil", "Hindi"],
    "bio": "Lalita Patel is a skilled weaver from Varanasi, Uttar Pradesh with expertise in Silk Weaving, Cotton Sarees.",
    "profile_image": "https://picsum.photos/seed/profile-65/300/200",
    "contact_enabled": true
  },
  {
    "id": "W067",
    "name": "Usha Rani",
    "region": "Surat, Gujarat",
    "specialties": ["Zari Work", "Cotton Sarees"],
    "experience_years": 17,
    "saree_types": ["Linen", "Chiffon"],
    "patterns_available": ["Temple Borders", "Paisley"],
    "gallery_images": [
      "https://picsum.photos/seed/66-0/300/200",
      "https://picsum.photos/seed/66-1/300/200",
      "https://picsum.photos/seed/66-2/300/200"
    ],
    "languages": ["Bengali", "Telugu"],
    "bio": "Usha Rani is a skilled weaver from Surat, Gujarat with expertise in Zari Work, Cotton Sarees.",
    "profile_image": "https://picsum.photos/seed/profile-66/300/200",
    "contact_enabled": false
  },
  {
    "id": "W068",
    "name": "Poonam Yadav",
    "region": "Nagaland",
    "specialties": ["Bandhani", "Silk Weaving"],
    "experience_years": 27,
    "saree_types": ["Silk", "Linen"],
    "patterns_available": ["Geometric", "Temple Borders"],
    "gallery_images": [
      "https://picsum.photos/seed/67-0/300/200",
      "https://picsum.photos/seed/67-1/300/200",
      "https://picsum.photos/seed/67-2/300/200"
    ],
    "languages": ["Bengali", "Telugu"],
    "bio": "Poonam Yadav is a skilled weaver from Nagaland with expertise in Bandhani, Silk Weaving.",
    "profile_image": "https://picsum.photos/seed/profile-67/300/200",
    "contact_enabled": false
  },
  {
    "id": "W069",
    "name": "Savita Joshi",
    "region": "Kolkata, West Bengal",
    "specialties": ["Kanjivaram Saree", "Banarasi Saree"],
    "experience_years": 9,
    "saree_types": ["Silk", "Chiffon"],
    "patterns_available": ["Paisley", "Temple Borders"],
    "gallery_images": [
      "https://picsum.photos/seed/68-0/300/200",
      "https://picsum.photos/seed/68-1/300/200",
      "https://picsum.photos/seed/68-2/300/200"
    ],
    "languages": ["Telugu", "English"],
    "bio": "Savita Joshi is a skilled weaver from Kolkata, West Bengal with expertise in Kanjivaram Saree, Banarasi Saree.",
    "profile_image": "https://picsum.photos/seed/profile-68/300/200",
    "contact_enabled": true
  },
  {
    "id": "W070",
    "name": "Geeta Devi",
    "region": "Kanchipuram, Tamil Nadu",
    "specialties": ["Silk Weaving", "Ikat"],
    "experience_years": 6,
    "saree_types": ["Khadi", "Linen"],
    "patterns_available": ["Geometric", "Bandhani"],
    "gallery_images": [
      "https://picsum.photos/seed/69-0/300/200",
      "https://picsum.photos/seed/69-1/300/200",
      "https://picsum.photos/seed/69-2/300/200"
    ],
    "languages": ["Bengali", "English"],
    "bio": "Geeta Devi is a skilled weaver from Kanchipuram, Tamil Nadu with expertise in Silk Weaving, Ikat.",
    "profile_image": "https://picsum.photos/seed/profile-69/300/200",
    "contact_enabled": true
  },
  {
    "id": "W071",
    "name": "Lalita Patel",
    "region": "Kolkata, West Bengal",
    "specialties": ["Silk Weaving", "Zari Work"],
    "experience_years": 22,
    "saree_types": ["Cotton", "Silk"],
    "patterns_available": ["Ikat", "Floral"],
    "gallery_images": [
      "https://picsum.photos/seed/70-0/300/200",
      "https://picsum.photos/seed/70-1/300/200",
      "https://picsum.photos/seed/70-2/300/200"
    ],
    "languages": ["English", "Tamil"],
    "bio": "Lalita Patel is a skilled weaver from Kolkata, West Bengal with expertise in Silk Weaving, Zari Work.",
    "profile_image": "https://picsum.photos/seed/profile-70/300/200",
    "contact_enabled": false
  },
  {
    "id": "W072",
    "name": "Geeta Devi",
    "region": "Assam",
    "specialties": ["Bandhani", "Ikat"],
    "experience_years": 8,
    "saree_types": ["Linen", "Khadi"],
    "patterns_available": ["Temple Borders", "Bandhani"],
    "gallery_images": [
      "https://picsum.photos/seed/71-0/300/200",
      "https://picsum.photos/seed/71-1/300/200",
      "https://picsum.photos/seed/71-2/300/200"
    ],
    "languages": ["Telugu", "English"],
    "bio": "Geeta Devi is a skilled weaver from Assam with expertise in Bandhani, Ikat.",
    "profile_image": "https://picsum.photos/seed/profile-71/300/200",
    "contact_enabled": true
  },
  {
    "id": "W073",
    "name": "Poonam Yadav",
    "region": "Kanchipuram, Tamil Nadu",
    "specialties": ["Ikat", "Block Print"],
    "experience_years": 22,
    "saree_types": ["Khadi", "Chiffon"],
    "patterns_available": ["Paisley", "Temple Borders"],
    "gallery_images": [
      "https://picsum.photos/seed/72-0/300/200",
      "https://picsum.photos/seed/72-1/300/200",
      "https://picsum.photos/seed/72-2/300/200"
    ],
    "languages": ["Telugu", "Tamil"],
    "bio": "Poonam Yadav is a skilled weaver from Kanchipuram, Tamil Nadu with expertise in Ikat, Block Print.",
    "profile_image": "https://picsum.photos/seed/profile-72/300/200",
    "contact_enabled": true
  },
  {
    "id": "W074",
    "name": "Usha Rani",
    "region": "Assam",
    "specialties": ["Cotton Sarees", "Silk Weaving"],
    "experience_years": 27,
    "saree_types": ["Silk", "Chiffon"],
    "patterns_available": ["Ikat", "Temple Borders"],
    "gallery_images": [
      "https://picsum.photos/seed/73-0/300/200",
      "https://picsum.photos/seed/73-1/300/200",
      "https://picsum.photos/seed/73-2/300/200"
    ],
    "languages": ["Telugu", "Bengali"],
    "bio": "Usha Rani is a skilled weaver from Assam with expertise in Cotton Sarees, Silk Weaving.",
    "profile_image": "https://picsum.photos/seed/profile-73/300/200",
    "contact_enabled": true
  },
  {
    "id": "W075",
    "name": "Lalita Patel",
    "region": "Surat, Gujarat",
    "specialties": ["Bandhani", "Cotton Sarees"],
    "experience_years": 17,
    "saree_types": ["Silk", "Cotton"],
    "patterns_available": ["Ikat", "Temple Borders"],
    "gallery_images": [
      "https://picsum.photos/seed/74-0/300/200",
      "https://picsum.photos/seed/74-1/300/200",
      "https://picsum.photos/seed/74-2/300/200"
    ],
    "languages": ["Telugu", "Bengali"],
    "bio": "Lalita Patel is a skilled weaver from Surat, Gujarat with expertise in Bandhani, Cotton Sarees.",
    "profile_image": "https://picsum.photos/seed/profile-74/300/200",
    "contact_enabled": true
  },
  {
    "id": "W076",
    "name": "Savita Joshi",
    "region": "Odisha",
    "specialties": ["Silk Weaving", "Block Print"],
    "experience_years": 26,
    "saree_types": ["Khadi", "Linen"],
    "patterns_available": ["Temple Borders", "Floral"],
    "gallery_images": [
      "https://picsum.photos/seed/75-0/300/200",
      "https://picsum.photos/seed/75-1/300/200",
      "https://picsum.photos/seed/75-2/300/200"
    ],
    "languages": ["Tamil", "English"],
    "bio": "Savita Joshi is a skilled weaver from Odisha with expertise in Silk Weaving, Block Print.",
    "profile_image": "https://picsum.photos/seed/profile-75/300/200",
    "contact_enabled": false
  },
  {
    "id": "W077",
    "name": "Savita Joshi",
    "region": "Nagaland",
    "specialties": ["Block Print", "Ikat"],
    "experience_years": 18,
    "saree_types": ["Chiffon", "Silk"],
    "patterns_available": ["Floral", "Ikat"],
    "gallery_images": [
      "https://picsum.photos/seed/76-0/300/200",
      "https://picsum.photos/seed/76-1/300/200",
      "https://picsum.photos/seed/76-2/300/200"
    ],
    "languages": ["English", "Hindi"],
    "bio": "Savita Joshi is a skilled weaver from Nagaland with expertise in Block Print, Ikat.",
    "profile_image": "https://picsum.photos/seed/profile-76/300/200",
    "contact_enabled": false
  },
  {
    "id": "W078",
    "name": "Geeta Devi",
    "region": "Rajasthan",
    "specialties": ["Bandhani", "Kanjivaram Saree"],
    "experience_years": 14,
    "saree_types": ["Silk", "Linen"],
    "patterns_available": ["Bandhani", "Paisley"],
    "gallery_images": [
      "https://picsum.photos/seed/77-0/300/200",
      "https://picsum.photos/seed/77-1/300/200",
      "https://picsum.photos/seed/77-2/300/200"
    ],
    "languages": ["Bengali", "Telugu"],
    "bio": "Geeta Devi is a skilled weaver from Rajasthan with expertise in Bandhani, Kanjivaram Saree.",
    "profile_image": "https://picsum.photos/seed/profile-77/300/200",
    "contact_enabled": true
  },
  {
    "id": "W079",
    "name": "Lalita Patel",
    "region": "Surat, Gujarat",
    "specialties": ["Silk Weaving", "Bandhani"],
    "experience_years": 18,
    "saree_types": ["Khadi", "Cotton"],
    "patterns_available": ["Floral", "Temple Borders"],
    "gallery_images": [
      "https://picsum.photos/seed/78-0/300/200",
      "https://picsum.photos/seed/78-1/300/200",
      "https://picsum.photos/seed/78-2/300/200"
    ],
    "languages": ["Hindi", "English"],
    "bio": "Lalita Patel is a skilled weaver from Surat, Gujarat with expertise in Silk Weaving, Bandhani.",
    "profile_image": "https://picsum.photos/seed/profile-78/300/200",
    "contact_enabled": false
  },
  {
    "id": "W080",
    "name": "Poonam Yadav",
    "region": "Rajasthan",
    "specialties": ["Kanjivaram Saree", "Cotton Sarees"],
    "experience_years": 24,
    "saree_types": ["Cotton", "Silk"],
    "patterns_available": ["Temple Borders", "Paisley"],
    "gallery_images": [
      "https://picsum.photos/seed/79-0/300/200",
      "https://picsum.photos/seed/79-1/300/200",
      "https://picsum.photos/seed/79-2/300/200"
    ],
    "languages": ["Telugu", "Tamil"],
    "bio": "Poonam Yadav is a skilled weaver from Rajasthan with expertise in Kanjivaram Saree, Cotton Sarees.",
    "profile_image": "https://picsum.photos/seed/profile-79/300/200",
    "contact_enabled": false
  },
  {
    "id": "W081",
    "name": "Sunita Kumari",
    "region": "Rajasthan",
    "specialties": ["Silk Weaving", "Kanjivaram Saree"],
    "experience_years": 15,
    "saree_types": ["Cotton", "Linen"],
    "patterns_available": ["Paisley", "Bandhani"],
    "gallery_images": [
      "https://picsum.photos/seed/80-0/300/200",
      "https://picsum.photos/seed/80-1/300/200",
      "https://picsum.photos/seed/80-2/300/200"
    ],
    "languages": ["Bengali", "Tamil"],
    "bio": "Sunita Kumari is a skilled weaver from Rajasthan with expertise in Silk Weaving, Kanjivaram Saree.",
    "profile_image": "https://picsum.photos/seed/profile-80/300/200",
    "contact_enabled": false
  },
  {
    "id": "W082",
    "name": "Usha Rani",
    "region": "Odisha",
    "specialties": ["Block Print", "Banarasi Saree"],
    "experience_years": 24,
    "saree_types": ["Chiffon", "Linen"],
    "patterns_available": ["Geometric", "Bandhani"],
    "gallery_images": [
      "https://picsum.photos/seed/81-0/300/200",
      "https://picsum.photos/seed/81-1/300/200",
      "https://picsum.photos/seed/81-2/300/200"
    ],
    "languages": ["Bengali", "English"],
    "bio": "Usha Rani is a skilled weaver from Odisha with expertise in Block Print, Banarasi Saree.",
    "profile_image": "https://picsum.photos/seed/profile-81/300/200",
    "contact_enabled": false
  },
  {
    "id": "W083",
    "name": "Kamla Bai",
    "region": "Rajasthan",
    "specialties": ["Silk Weaving", "Cotton Sarees"],
    "experience_years": 16,
    "saree_types": ["Chiffon", "Cotton"],
    "patterns_available": ["Geometric", "Floral"],
    "gallery_images": [
      "https://picsum.photos/seed/82-0/300/200",
      "https://picsum.photos/seed/82-1/300/200",
      "https://picsum.photos/seed/82-2/300/200"
    ],
    "languages": ["Bengali", "Tamil"],
    "bio": "Kamla Bai is a skilled weaver from Rajasthan with expertise in Silk Weaving, Cotton Sarees.",
    "profile_image": "https://picsum.photos/seed/profile-82/300/200",
    "contact_enabled": false
  },
  {
    "id": "W084",
    "name": "Lalita Patel",
    "region": "Surat, Gujarat",
    "specialties": ["Kanjivaram Saree", "Cotton Sarees"],
    "experience_years": 9,
    "saree_types": ["Khadi", "Chiffon"],
    "patterns_available": ["Floral", "Ikat"],
    "gallery_images": [
      "https://picsum.photos/seed/83-0/300/200",
      "https://picsum.photos/seed/83-1/300/200",
      "https://picsum.photos/seed/83-2/300/200"
    ],
    "languages": ["Tamil", "English"],
    "bio": "Lalita Patel is a skilled weaver from Surat, Gujarat with expertise in Kanjivaram Saree, Cotton Sarees.",
    "profile_image": "https://picsum.photos/seed/profile-83/300/200",
    "contact_enabled": false
  },
  {
    "id": "W085",
    "name": "Poonam Yadav",
    "region": "Madhya Pradesh",
    "specialties": ["Ikat", "Bandhani"],
    "experience_years": 25,
    "saree_types": ["Silk", "Chiffon"],
    "patterns_available": ["Floral", "Bandhani"],
    "gallery_images": [
      "https://picsum.photos/seed/84-0/300/200",
      "https://picsum.photos/seed/84-1/300/200",
      "https://picsum.photos/seed/84-2/300/200"
    ],
    "languages": ["English", "Telugu"],
    "bio": "Poonam Yadav is a skilled weaver from Madhya Pradesh with expertise in Ikat, Bandhani.",
    "profile_image": "https://picsum.photos/seed/profile-84/300/200",
    "contact_enabled": true
  },
  {
    "id": "W086",
    "name": "Usha Rani",
    "region": "Kolkata, West Bengal",
    "specialties": ["Banarasi Saree", "Bandhani"],
    "experience_years": 10,
    "saree_types": ["Khadi", "Chiffon"],
    "patterns_available": ["Geometric", "Paisley"],
    "gallery_images": [
      "https://picsum.photos/seed/85-0/300/200",
      "https://picsum.photos/seed/85-1/300/200",
      "https://picsum.photos/seed/85-2/300/200"
    ],
    "languages": ["Telugu", "Tamil"],
    "bio": "Usha Rani is a skilled weaver from Kolkata, West Bengal with expertise in Banarasi Saree, Bandhani.",
    "profile_image": "https://picsum.photos/seed/profile-85/300/200",
    "contact_enabled": true
  },
  {
    "id": "W087",
    "name": "Usha Rani",
    "region": "Bihar",
    "specialties": ["Block Print", "Banarasi Saree"],
    "experience_years": 5,
    "saree_types": ["Linen", "Cotton"],
    "patterns_available": ["Ikat", "Bandhani"],
    "gallery_images": [
      "https://picsum.photos/seed/86-0/300/200",
      "https://picsum.photos/seed/86-1/300/200",
      "https://picsum.photos/seed/86-2/300/200"
    ],
    "languages": ["Hindi", "Tamil"],
    "bio": "Usha Rani is a skilled weaver from Bihar with expertise in Block Print, Banarasi Saree.",
    "profile_image": "https://picsum.photos/seed/profile-86/300/200",
    "contact_enabled": true
  },
  {
    "id": "W088",
    "name": "Usha Rani",
    "region": "Kolkata, West Bengal",
    "specialties": ["Ikat", "Silk Weaving"],
    "experience_years": 4,
    "saree_types": ["Linen", "Silk"],
    "patterns_available": ["Floral", "Bandhani"],
    "gallery_images": [
      "https://picsum.photos/seed/87-0/300/200",
      "https://picsum.photos/seed/87-1/300/200",
      "https://picsum.photos/seed/87-2/300/200"
    ],
    "languages": ["Hindi", "Bengali"],
    "bio": "Usha Rani is a skilled weaver from Kolkata, West Bengal with expertise in Ikat, Silk Weaving.",
    "profile_image": "https://picsum.photos/seed/profile-87/300/200",
    "contact_enabled": false
  },
  {
    "id": "W089",
    "name": "Rani Devi",
    "region": "Nagaland",
    "specialties": ["Block Print", "Zari Work"],
    "experience_years": 11,
    "saree_types": ["Cotton", "Chiffon"],
    "patterns_available": ["Ikat", "Temple Borders"],
    "gallery_images": [
      "https://picsum.photos/seed/88-0/300/200",
      "https://picsum.photos/seed/88-1/300/200",
      "https://picsum.photos/seed/88-2/300/200"
    ],
    "languages": ["Tamil", "Telugu"],
    "bio": "Rani Devi is a skilled weaver from Nagaland with expertise in Block Print, Zari Work.",
    "profile_image": "https://picsum.photos/seed/profile-88/300/200",
    "contact_enabled": true
  },
  {
    "id": "W090",
    "name": "Poonam Yadav",
    "region": "Madhya Pradesh",
    "specialties": ["Cotton Sarees", "Banarasi Saree"],
    "experience_years": 3,
    "saree_types": ["Cotton", "Khadi"],
    "patterns_available": ["Geometric", "Floral"],
    "gallery_images": [
      "https://picsum.photos/seed/89-0/300/200",
      "https://picsum.photos/seed/89-1/300/200",
      "https://picsum.photos/seed/89-2/300/200"
    ],
    "languages": ["Bengali", "English"],
    "bio": "Poonam Yadav is a skilled weaver from Madhya Pradesh with expertise in Cotton Sarees, Banarasi Saree.",
    "profile_image": "https://picsum.photos/seed/profile-89/300/200",
    "contact_enabled": false
  },
  {
    "id": "W091",
    "name": "Meena Sharma",
    "region": "Odisha",
    "specialties": ["Zari Work", "Cotton Sarees"],
    "experience_years": 12,
    "saree_types": ["Cotton", "Khadi"],
    "patterns_available": ["Temple Borders", "Ikat"],
    "gallery_images": [
      "https://picsum.photos/seed/90-0/300/200",
      "https://picsum.photos/seed/90-1/300/200",
      "https://picsum.photos/seed/90-2/300/200"
    ],
    "languages": ["Tamil", "Telugu"],
    "bio": "Meena Sharma is a skilled weaver from Odisha with expertise in Zari Work, Cotton Sarees.",
    "profile_image": "https://picsum.photos/seed/profile-90/300/200",
    "contact_enabled": false
  },
  {
    "id": "W092",
    "name": "Kamla Bai",
    "region": "Odisha",
    "specialties": ["Banarasi Saree", "Cotton Sarees"],
    "experience_years": 11,
    "saree_types": ["Linen", "Khadi"],
    "patterns_available": ["Bandhani", "Paisley"],
    "gallery_images": [
      "https://picsum.photos/seed/91-0/300/200",
      "https://picsum.photos/seed/91-1/300/200",
      "https://picsum.photos/seed/91-2/300/200"
    ],
    "languages": ["English", "Tamil"],
    "bio": "Kamla Bai is a skilled weaver from Odisha with expertise in Banarasi Saree, Cotton Sarees.",
    "profile_image": "https://picsum.photos/seed/profile-91/300/200",
    "contact_enabled": false
  },
  {
    "id": "W093",
    "name": "Meena Sharma",
    "region": "Madhya Pradesh",
    "specialties": ["Silk Weaving", "Ikat"],
    "experience_years": 24,
    "saree_types": ["Linen", "Khadi"],
    "patterns_available": ["Bandhani", "Temple Borders"],
    "gallery_images": [
      "https://picsum.photos/seed/92-0/300/200",
      "https://picsum.photos/seed/92-1/300/200",
      "https://picsum.photos/seed/92-2/300/200"
    ],
    "languages": ["Hindi", "Tamil"],
    "bio": "Meena Sharma is a skilled weaver from Madhya Pradesh with expertise in Silk Weaving, Ikat.",
    "profile_image": "https://picsum.photos/seed/profile-92/300/200",
    "contact_enabled": true
  },
  {
    "id": "W094",
    "name": "Kamla Bai",
    "region": "Assam",
    "specialties": ["Ikat", "Block Print"],
    "experience_years": 29,
    "saree_types": ["Khadi", "Chiffon"],
    "patterns_available": ["Temple Borders", "Floral"],
    "gallery_images": [
      "https://picsum.photos/seed/93-0/300/200",
      "https://picsum.photos/seed/93-1/300/200",
      "https://picsum.photos/seed/93-2/300/200"
    ],
    "languages": ["Hindi", "Bengali"],
    "bio": "Kamla Bai is a skilled weaver from Assam with expertise in Ikat, Block Print.",
    "profile_image": "https://picsum.photos/seed/profile-93/300/200",
    "contact_enabled": true
  },
  {
    "id": "W095",
    "name": "Geeta Devi",
    "region": "Surat, Gujarat",
    "specialties": ["Block Print", "Silk Weaving"],
    "experience_years": 30,
    "saree_types": ["Khadi", "Silk"],
    "patterns_available": ["Geometric", "Floral"],
    "gallery_images": [
      "https://picsum.photos/seed/94-0/300/200",
      "https://picsum.photos/seed/94-1/300/200",
      "https://picsum.photos/seed/94-2/300/200"
    ],
    "languages": ["English", "Telugu"],
    "bio": "Geeta Devi is a skilled weaver from Surat, Gujarat with expertise in Block Print, Silk Weaving.",
    "profile_image": "https://picsum.photos/seed/profile-94/300/200",
    "contact_enabled": true
  },
  {
    "id": "W096",
    "name": "Rani Devi",
    "region": "Bihar",
    "specialties": ["Zari Work", "Kanjivaram Saree"],
    "experience_years": 16,
    "saree_types": ["Cotton", "Silk"],
    "patterns_available": ["Temple Borders", "Floral"],
    "gallery_images": [
      "https://picsum.photos/seed/95-0/300/200",
      "https://picsum.photos/seed/95-1/300/200",
      "https://picsum.photos/seed/95-2/300/200"
    ],
    "languages": ["Tamil", "Bengali"],
    "bio": "Rani Devi is a skilled weaver from Bihar with expertise in Zari Work, Kanjivaram Saree.",
    "profile_image": "https://picsum.photos/seed/profile-95/300/200",
    "contact_enabled": false
  },
  {
    "id": "W097",
    "name": "Lalita Patel",
    "region": "Assam",
    "specialties": ["Zari Work", "Banarasi Saree"],
    "experience_years": 4,
    "saree_types": ["Linen", "Khadi"],
    "patterns_available": ["Ikat", "Temple Borders"],
    "gallery_images": [
      "https://picsum.photos/seed/96-0/300/200",
      "https://picsum.photos/seed/96-1/300/200",
      "https://picsum.photos/seed/96-2/300/200"
    ],
    "languages": ["English", "Tamil"],
    "bio": "Lalita Patel is a skilled weaver from Assam with expertise in Zari Work, Banarasi Saree.",
    "profile_image": "https://picsum.photos/seed/profile-96/300/200",
    "contact_enabled": false
  },
  {
    "id": "W098",
    "name": "Sunita Kumari",
    "region": "Assam",
    "specialties": ["Silk Weaving", "Banarasi Saree"],
    "experience_years": 5,
    "saree_types": ["Chiffon", "Silk"],
    "patterns_available": ["Geometric", "Ikat"],
    "gallery_images": [
      "https://picsum.photos/seed/97-0/300/200",
      "https://picsum.photos/seed/97-1/300/200",
      "https://picsum.photos/seed/97-2/300/200"
    ],
    "languages": ["Hindi", "English"],
    "bio": "Sunita Kumari is a skilled weaver from Assam with expertise in Silk Weaving, Banarasi Saree.",
    "profile_image": "https://picsum.photos/seed/profile-97/300/200",
    "contact_enabled": false
  },
  {
    "id": "W099",
    "name": "Savita Joshi",
    "region": "Odisha",
    "specialties": ["Silk Weaving", "Kanjivaram Saree"],
    "experience_years": 11,
    "saree_types": ["Khadi", "Silk"],
    "patterns_available": ["Floral", "Geometric"],
    "gallery_images": [
      "https://picsum.photos/seed/98-0/300/200",
      "https://picsum.photos/seed/98-1/300/200",
      "https://picsum.photos/seed/98-2/300/200"
    ],
    "languages": ["Telugu", "English"],
    "bio": "Savita Joshi is a skilled weaver from Odisha with expertise in Silk Weaving, Kanjivaram Saree.",
    "profile_image": "https://picsum.photos/seed/profile-98/300/200",
    "contact_enabled": false
  },
  {
    "id": "W100",
    "name": "Geeta Devi",
    "region": "Kanchipuram, Tamil Nadu",
    "specialties": ["Banarasi Saree", "Bandhani"],
    "experience_years": 7,
    "saree_types": ["Cotton", "Silk"],
    "patterns_available": ["Paisley", "Ikat"],
    "gallery_images": [
      "https://picsum.photos/seed/99-0/300/200",
      "https://picsum.photos/seed/99-1/300/200",
      "https://picsum.photos/seed/99-2/300/200"
    ],
    "languages": ["Tamil", "Bengali"],
    "bio": "Geeta Devi is a skilled weaver from Kanchipuram, Tamil Nadu with expertise in Banarasi Saree, Bandhani.",
    "profile_image": "https://picsum.photos/seed/profile-99/300/200",
    "contact_enabled": true
  }
]
